year_BE,year_CE,season,province_th,province_en,area_planted_rai,area_harvested_rai,production_ton,yield_planted_kg_rai,yield_harvested_kg_rai,source_file,area_harvested_ha
2565,2022,dry,กรุงเทพมหานคร,Bangkok,73642.0,73539.0,48128.0,654.0,654.0,2565-1.pdf,11766.24
2565,2022,dry,กาญจนบุรี,Kanchanaburi,179580.0,179128.0,131152.0,730.0,732.0,2565-1.pdf,28660.48
2565,2022,dry,กาฬสินธุ,Kalasin,275846.0,274887.0,179656.0,651.0,654.0,2565-1.pdf,43981.92
2565,2022,dry,กําแพงเพชร,Kamphaeng Phet,387923.0,387700.0,241027.0,621.0,622.0,2565-1.pdf,62032.0
2565,2022,dry,ขอนแกน,Khon Kaen,138692.0,138243.0,79951.0,576.0,578.0,2565-1.pdf,22118.88
2565,2022,dry,ฉะเชิงเทรา,Chachoengsao,319324.0,316756.0,214637.0,672.0,678.0,2565-1.pdf,50680.96
2565,2022,dry,ชลบุรี,Chon Buri,33904.0,33674.0,22307.0,658.0,662.0,2565-1.pdf,5387.84
2565,2022,dry,ชัยนาท,Chai Nat,367415.0,367056.0,243526.0,663.0,663.0,2565-1.pdf,58728.96
2565,2022,dry,ชัยภูมิ,Chaiyaphum,82273.0,82019.0,51299.0,624.0,625.0,2565-1.pdf,13123.04
2565,2022,dry,ชุมพร,Chumphon,459.0,459.0,228.0,497.0,497.0,2565-1.pdf,73.44
2565,2022,dry,ตราด,Trat,2514.0,2462.0,1389.0,553.0,564.0,2565-1.pdf,393.92
2565,2022,dry,ตาก,Tak,13228.0,13204.0,7213.0,545.0,546.0,2565-1.pdf,2112.64
2565,2022,dry,นครนายก,Nakhon Nayok,153453.0,152805.0,100217.0,653.0,656.0,2565-1.pdf,24448.8
2565,2022,dry,นครปฐม,Nakhon Pathom,235142.0,234775.0,181153.0,770.0,772.0,2565-1.pdf,37564.0
2565,2022,dry,นครพนม,Nakhon Phanom,70823.0,70376.0,36385.0,514.0,517.0,2565-1.pdf,11260.16
2565,2022,dry,นครราชสีมา,Nakhon Ratchasima,270428.0,269407.0,172565.0,638.0,641.0,2565-1.pdf,43105.12
2565,2022,dry,นครศรีธรรมราช,Nakhon Si Thammarat,5179.0,5179.0,2416.0,466.0,466.0,2565-1.pdf,828.64
2565,2022,dry,นครสวรรค,Nakhon Sawan,525436.0,521396.0,346383.0,659.0,664.0,2565-1.pdf,83423.36
2565,2022,dry,นนทบุรี,Nonthaburi,77993.0,77962.0,56382.0,723.0,723.0,2565-1.pdf,12473.92
2565,2022,dry,นราธิวาส,Narathiwat,580.0,580.0,298.0,514.0,514.0,2565-1.pdf,92.8
2565,2022,dry,นาน,Nan,12578.0,12543.0,7175.0,570.0,572.0,2565-1.pdf,2006.88
2565,2022,dry,บึงกาฬ,Bueng Kan,14692.0,14582.0,7520.0,512.0,516.0,2565-1.pdf,2333.12
2565,2022,dry,บุรีรัมย,Buri Ram,43669.0,43423.0,22614.0,518.0,521.0,2565-1.pdf,6947.68
2565,2022,dry,ปตตานี,Pattani,20508.0,20508.0,12634.0,616.0,616.0,2565-1.pdf,3281.28
2565,2022,dry,ปทุมธานี,Pathum Thani,208857.0,208724.0,148989.0,713.0,714.0,2565-1.pdf,33395.84
2565,2022,dry,ประจวบคีรีขันธ,Prachuap Khiri Khan,10206.0,9775.0,5857.0,574.0,599.0,2565-1.pdf,1564.0
2565,2022,dry,ปราจีนบุรี,Prachin Buri,125718.0,124479.0,77814.0,619.0,625.0,2565-1.pdf,19916.64
2565,2022,dry,พะเยา,Phayao,42994.0,42966.0,26745.0,622.0,622.0,2565-1.pdf,6874.56
2565,2022,dry,พัทลุง,Phatthalung,27497.0,27443.0,14314.0,521.0,522.0,2565-1.pdf,4390.88
2565,2022,dry,พิจิตร,Phichit,470853.0,469754.0,307387.0,653.0,654.0,2565-1.pdf,75160.64
2565,2022,dry,พิษณุโลก,Phitsanulok,455224.0,454696.0,278354.0,611.0,612.0,2565-1.pdf,72751.36
2565,2022,dry,ภาคใต,ภาคใต,71801.0,71740.0,39277.0,547.0,547.0,2565-1.pdf,11478.4
2565,2022,dry,มหาสารคาม,Maha Sarakham,178601.0,178204.0,107293.0,601.0,602.0,2565-1.pdf,28512.64
2565,2022,dry,มุกดาหาร,Mukdahan,1193.0,1193.0,640.0,536.0,536.0,2565-1.pdf,190.88
2565,2022,dry,ยโสธร,Yasothon,67390.0,67199.0,37832.0,561.0,563.0,2565-1.pdf,10751.84
2565,2022,dry,รอยเอ็ด,Roi Et,242034.0,239893.0,136586.0,564.0,569.0,2565-1.pdf,38382.88
2565,2022,dry,ระยอง,Rayong,3460.0,3438.0,1877.0,542.0,546.0,2565-1.pdf,550.08
2565,2022,dry,ราชบุรี,Ratchaburi,159365.0,159189.0,113933.0,715.0,716.0,2565-1.pdf,25470.24
2565,2022,dry,ลพบุรี,Lopburi,204872.0,204402.0,129828.0,634.0,635.0,2565-1.pdf,32704.32
2565,2022,dry,ลําปาง,Lampang,24203.0,24140.0,12527.0,518.0,519.0,2565-1.pdf,3862.4
2565,2022,dry,ลําพูน,Lamphun,7361.0,7355.0,5152.0,700.0,700.0,2565-1.pdf,1176.8
2565,2022,dry,ศรีสะเกษ,Si Sa Ket,68924.0,68618.0,35426.0,514.0,516.0,2565-1.pdf,10978.88
2565,2022,dry,สกลนคร,Sakon Nakhon,63844.0,63243.0,29930.0,469.0,473.0,2565-1.pdf,10118.88
2565,2022,dry,สงขลา,Songkhla,15576.0,15576.0,8488.0,545.0,545.0,2565-1.pdf,2492.16
2565,2022,dry,สมุทรปราการ,Samut Prakan,14848.0,14712.0,10110.0,681.0,687.0,2565-1.pdf,2353.92
2565,2022,dry,สมุทรสงคราม,Samut Songkhram,1610.0,1605.0,1133.0,704.0,706.0,2565-1.pdf,256.8
2565,2022,dry,สมุทรสาคร,Samut Sakhon,2560.0,2547.0,1750.0,684.0,687.0,2565-1.pdf,407.52
2565,2022,dry,สระบุรี,Saraburi,146628.0,146284.0,95702.0,653.0,654.0,2565-1.pdf,23405.44
2565,2022,dry,สระแกว,Sa Kaeo,32890.0,32727.0,20442.0,622.0,625.0,2565-1.pdf,5236.32
2565,2022,dry,สิงหบุรี,Sing Buri,158701.0,158510.0,106462.0,671.0,672.0,2565-1.pdf,25361.6
2565,2022,dry,สุพรรณบุรี,Suphan Buri,820804.0,820261.0,603384.0,735.0,736.0,2565-1.pdf,131241.76
2565,2022,dry,สุราษฎรธานี,Surat Thani,1908.0,1908.0,886.0,464.0,464.0,2565-1.pdf,305.28
2565,2022,dry,สุรินทร,Surin,45066.0,44464.0,19839.0,440.0,446.0,2565-1.pdf,7114.24
2565,2022,dry,สุโขทัย,Sukhothai,463121.0,460376.0,261247.0,564.0,567.0,2565-1.pdf,73660.16
2565,2022,dry,หนองคาย,Nong Khai,89712.0,88909.0,46557.0,519.0,524.0,2565-1.pdf,14225.44
2565,2022,dry,หนองบัวลาํ ภู,Nong Bua Lamphu,24800.0,24519.0,12451.0,502.0,508.0,2565-1.pdf,3923.04
2565,2022,dry,อยุธยา,Phra Nakhon Si Ayutthaya,648358.0,647718.0,461714.0,712.0,713.0,2565-1.pdf,103634.88
2565,2022,dry,อางทอง,Ang Thong,154185.0,154160.0,99868.0,648.0,648.0,2565-1.pdf,24665.6
2565,2022,dry,อุดรธานี,Udon Thani,45149.0,45041.0,23252.0,515.0,516.0,2565-1.pdf,7206.56
2565,2022,dry,อุตรดิตถ,Uttaradit,288804.0,288394.0,186608.0,646.0,647.0,2565-1.pdf,46143.04
2565,2022,dry,อุทัยธานี,Uthai Thani,110860.0,110733.0,71074.0,641.0,642.0,2565-1.pdf,17717.28
2565,2022,dry,อุบลราชธานี,Ubon Ratchathani,166470.0,165902.0,79618.0,478.0,480.0,2565-1.pdf,26544.32
2565,2022,dry,อํานาจเจริญ,Amnat Charoen,2511.0,2511.0,1219.0,485.0,485.0,2565-1.pdf,401.76
2565,2022,dry,เชียงราย,Chiang Rai,335389.0,334463.0,213049.0,635.0,637.0,2565-1.pdf,53514.08
2565,2022,dry,เชียงใหม,Chiang Mai,85683.0,85466.0,58390.0,681.0,683.0,2565-1.pdf,13674.56
2565,2022,dry,เพชรบุรี,Phetchaburi,154252.0,154109.0,110986.0,720.0,720.0,2565-1.pdf,24657.44
2565,2022,dry,เพชรบูรณ,Phetchabun,36876.0,36876.0,21425.0,581.0,581.0,2565-1.pdf,5900.16
2565,2022,dry,เลย,Loei,703.0,703.0,278.0,395.0,395.0,2565-1.pdf,112.48
2565,2022,dry,แพร,Phrae,31848.0,31761.0,18453.0,579.0,581.0,2565-1.pdf,5081.76
2565,2022,dry,แมฮองสอน,Mae Hong Son,107.0,107.0,60.0,561.0,561.0,2565-1.pdf,17.12
2565,2022,main,กระบี่,Krabi,6257.0,6247.0,1976.0,316.0,316.0,2565.pdf,999.52
2565,2022,main,กรุงเทพมหานคร,Bangkok,81743.0,81260.0,55216.0,675.0,679.0,2565.pdf,13001.6
2565,2022,main,กาญจนบุรี,Kanchanaburi,365616.0,362620.0,219200.0,600.0,604.0,2565.pdf,58019.2
2565,2022,main,กาฬสินธุ์,Kalasin,1505471.0,1417369.0,528027.0,351.0,373.0,2565.pdf,226779.04
2565,2022,main,ขอนแก่น,Khon Kaen,2402112.0,2094724.0,713589.0,297.0,341.0,2565.pdf,335155.84
2565,2022,main,จันทบุรี,Chanthaburi,11622.0,11461.0,4266.0,367.0,372.0,2565.pdf,1833.76
2565,2022,main,ฉะเชิงเทรา,Chachoengsao,634824.0,627078.0,392675.0,619.0,626.0,2565.pdf,100332.48
2565,2022,main,ชลบุรี,Chon Buri,68756.0,66558.0,31555.0,459.0,474.0,2565.pdf,10649.28
2565,2022,main,ชัยนาท,Chai Nat,846347.0,839544.0,515786.0,609.0,614.0,2565.pdf,134327.04
2565,2022,main,ชัยภูมิ,Chaiyaphum,1784176.0,1542206.0,590958.0,331.0,383.0,2565.pdf,246752.96
2565,2022,main,ชุมพร,Chumphon,2222.0,2216.0,937.0,422.0,423.0,2565.pdf,354.56
2565,2022,main,ตรัง,Trang,9487.0,9487.0,3827.0,403.0,403.0,2565.pdf,1517.92
2565,2022,main,ตราด,Trat,12781.0,12419.0,5253.0,411.0,423.0,2565.pdf,1987.04
2565,2022,main,ตาก,Tak,384705.0,376510.0,155282.0,404.0,412.0,2565.pdf,60241.6
2565,2022,main,นครนายก,Nakhon Nayok,363813.0,361998.0,201399.0,554.0,556.0,2565.pdf,57919.68
2565,2022,main,นครปฐม,Nakhon Pathom,257472.0,256002.0,193389.0,751.0,755.0,2565.pdf,40960.32
2565,2022,main,นครพนม,Nakhon Phanom,1483507.0,1477249.0,518629.0,350.0,351.0,2565.pdf,236359.84
2565,2022,main,นครราชสีมา,Nakhon Ratchasima,3531915.0,3246410.0,1203502.0,341.0,371.0,2565.pdf,519425.6
2565,2022,main,นครศรีธรรมราช,Nakhon Si Thammarat,172946.0,168886.0,83319.0,482.0,493.0,2565.pdf,27021.76
2565,2022,main,นครสวรรค์,Nakhon Sawan,2559275.0,2351528.0,1373243.0,537.0,584.0,2565.pdf,376244.48
2565,2022,main,นนทบุรี,Nonthaburi,82839.0,82744.0,57549.0,695.0,696.0,2565.pdf,13239.04
2565,2022,main,นราธิวาส,Narathiwat,29356.0,29356.0,13795.0,470.0,470.0,2565.pdf,4696.96
2565,2022,main,น่าน,Nan,332949.0,330935.0,171461.0,515.0,518.0,2565.pdf,52949.6
2565,2022,main,บึงกาฬ,Bueng Kan,481427.0,478723.0,152733.0,317.0,319.0,2565.pdf,76595.68
2565,2022,main,บุรีรัมย์,Buri Ram,2998520.0,2823772.0,1042769.0,348.0,369.0,2565.pdf,451803.52
2565,2022,main,ปทุมธานี,Pathum Thani,295153.0,294221.0,212963.0,722.0,724.0,2565.pdf,47075.36
2565,2022,main,ประจวบคีรีขันธ์,Prachuap Khiri Khan,21793.0,21551.0,12360.0,567.0,574.0,2565.pdf,3448.16
2565,2022,main,ปราจีนบุรี,Prachin Buri,428068.0,420590.0,172164.0,402.0,409.0,2565.pdf,67294.4
2565,2022,main,ปัตตานี,Pattani,66478.0,66272.0,29694.0,447.0,448.0,2565.pdf,10603.52
2565,2022,main,พระนครศรีอยุธยา,Phra Nakhon Si Ayutthaya,813855.0,802112.0,533188.0,655.0,665.0,2565.pdf,128337.92
2565,2022,main,พะเยา,Phayao,638352.0,626016.0,302894.0,474.0,484.0,2565.pdf,100162.56
2565,2022,main,พังงา,Phang Nga,2039.0,2039.0,713.0,350.0,350.0,2565.pdf,326.24
2565,2022,main,พัทลุง,Phatthalung,112418.0,112072.0,51081.0,454.0,456.0,2565.pdf,17931.52
2565,2022,main,พิจิตร,Phichit,1807669.0,1745979.0,1040885.0,576.0,596.0,2565.pdf,279356.64
2565,2022,main,พิษณุโลก,Phitsanulok,1485281.0,1456191.0,869599.0,585.0,597.0,2565.pdf,232990.56
2565,2022,main,มหาสารคาม,Maha Sarakham,2130023.0,1886774.0,683211.0,321.0,362.0,2565.pdf,301883.84
2565,2022,main,มุกดาหาร,Mukdahan,461032.0,458722.0,186921.0,405.0,407.0,2565.pdf,73395.52
2565,2022,main,ยะลา,Yala,18764.0,18764.0,6467.0,345.0,345.0,2565.pdf,3002.24
2565,2022,main,ยโสธร,Yasothon,1364345.0,1245176.0,467723.0,343.0,376.0,2565.pdf,199228.16
2565,2022,main,ระนอง,Ranong,539.0,539.0,207.0,384.0,384.0,2565.pdf,86.24
2565,2022,main,ระยอง,Rayong,9725.0,9508.0,4763.0,490.0,501.0,2565.pdf,1521.28
2565,2022,main,ราชบุรี,Ratchaburi,223532.0,222366.0,154159.0,690.0,693.0,2565.pdf,35578.56
2565,2022,main,ร้อยเอ็ด,Roi Et,3094018.0,2729199.0,947627.0,306.0,347.0,2565.pdf,436671.84
2565,2022,main,ลพบุรี,Lopburi,807018.0,793784.0,396777.0,492.0,500.0,2565.pdf,127005.44
2565,2022,main,ศรีสะเกษ,Si Sa Ket,3028471.0,2722928.0,965843.0,319.0,355.0,2565.pdf,435668.48
2565,2022,main,สกลนคร,Sakon Nakhon,2162686.0,2143595.0,740802.0,343.0,346.0,2565.pdf,342975.2
2565,2022,main,สงขลา,Songkhla,153596.0,152875.0,82013.0,534.0,536.0,2565.pdf,24460.0
2565,2022,main,สตูล,Satun,14658.0,14658.0,5479.0,374.0,374.0,2565.pdf,2345.28
2565,2022,main,สมุทรปราการ,Samut Prakan,16931.0,16867.0,12667.0,748.0,751.0,2565.pdf,2698.72
2565,2022,main,สมุทรสงคราม,Samut Songkhram,1843.0,1837.0,1284.0,697.0,699.0,2565.pdf,293.92
2565,2022,main,สมุทรสาคร,Samut Sakhon,3857.0,3837.0,2700.0,700.0,704.0,2565.pdf,613.92
2565,2022,main,สระบุรี,Saraburi,326548.0,321977.0,204607.0,627.0,635.0,2565.pdf,51516.32
2565,2022,main,สระแก้ว,Sa Kaeo,761423.0,725761.0,235637.0,309.0,325.0,2565.pdf,116121.76
2565,2022,main,สิงห์บุรี,Sing Buri,307545.0,294428.0,206282.0,671.0,701.0,2565.pdf,47108.48
2565,2022,main,สุพรรณบุรี,Suphan Buri,1261740.0,1253785.0,870442.0,690.0,694.0,2565.pdf,200605.6
2565,2022,main,สุราษฎร์ธานี,Surat Thani,16677.0,16672.0,5242.0,314.0,314.0,2565.pdf,2667.52
2565,2022,main,สุรินทร์,Surin,3133327.0,2877713.0,1092788.0,349.0,380.0,2565.pdf,460434.08
2565,2022,main,สุโขทัย,Sukhothai,1183502.0,1144645.0,656706.0,555.0,574.0,2565.pdf,183143.2
2565,2022,main,หนองคาย,Nong Khai,601167.0,591126.0,218316.0,363.0,369.0,2565.pdf,94580.16
2565,2022,main,หนองบัวล,Nong Bua Lamphu,747136.0,705971.0,252804.0,338.0,358.0,2565.pdf,112955.36
2565,2022,main,อุดรธานี,Udon Thani,2027391.0,2004376.0,732991.0,362.0,366.0,2565.pdf,320700.16
2565,2022,main,อุตรดิตถ์,Uttaradit,623563.0,614977.0,369743.0,593.0,601.0,2565.pdf,98396.32
2565,2022,main,อุทัยธานี,Uthai Thani,621706.0,603930.0,390135.0,628.0,646.0,2565.pdf,96628.8
2565,2022,main,อุบลราชธานี,Ubon Ratchathani,4125528.0,3899384.0,1395640.0,338.0,358.0,2565.pdf,623901.44
2565,2022,main,อ่างทอง,Ang Thong,344353.0,333527.0,232412.0,675.0,697.0,2565.pdf,53364.32
2565,2022,main,เชียงราย,Chiang Rai,1293948.0,1270729.0,705751.0,545.0,555.0,2565.pdf,203316.64
2565,2022,main,เชียงใหม่,Chiang Mai,554465.0,549895.0,320879.0,579.0,584.0,2565.pdf,87983.2
2565,2022,main,เพชรบุรี,Phetchaburi,272518.0,271294.0,189184.0,694.0,697.0,2565.pdf,43407.04
2565,2022,main,เพชรบูรณ์,Phetchabun,1230036.0,1182539.0,646271.0,525.0,547.0,2565.pdf,189206.24
2565,2022,main,เลย,Loei,436985.0,431866.0,153387.0,351.0,355.0,2565.pdf,69098.56
2565,2022,main,แพร่,Phrae,290055.0,289294.0,168480.0,581.0,582.0,2565.pdf,46287.04
2565,2022,main,แม่ฮ่องสอน,Mae Hong Son,218173.0,217873.0,90768.0,416.0,417.0,2565.pdf,34859.68
2566,2023,dry,กรุงเทพมหานคร,Bangkok,74125.0,74000.0,48772.0,658.0,659.0,2566-1.pdf,11840.0
2566,2023,dry,กาญจนบุรี,Kanchanaburi,175971.0,175617.0,126318.0,718.0,719.0,2566-1.pdf,28098.72
2566,2023,dry,กาฬสนิ,Kalasin,279519.0,278143.0,182181.0,652.0,655.0,2566-1.pdf,44502.88
2566,2023,dry,กําแพงเพชร,Kamphaeng Phet,502772.0,502772.0,316912.0,630.0,630.0,2566-1.pdf,80443.52
2566,2023,dry,ขอนแกน,Khon Kaen,147208.0,146871.0,83618.0,568.0,569.0,2566-1.pdf,23499.36
2566,2023,dry,ฉะเชิงเทรา,Chachoengsao,305701.0,303876.0,205455.0,672.0,676.0,2566-1.pdf,48620.16
2566,2023,dry,ชลบุรี,Chon Buri,33327.0,33191.0,22175.0,665.0,668.0,2566-1.pdf,5310.56
2566,2023,dry,ชัยนาท,Chai Nat,409159.0,408699.0,271085.0,663.0,663.0,2566-1.pdf,65391.84
2566,2023,dry,ชัยภูมิ,Chaiyaphum,87723.0,87339.0,54803.0,625.0,627.0,2566-1.pdf,13974.24
2566,2023,dry,ชุมพร,Chumphon,446.0,446.0,204.0,457.0,457.0,2566-1.pdf,71.36
2566,2023,dry,ตราด,Trat,2565.0,2495.0,1347.0,525.0,540.0,2566-1.pdf,399.2
2566,2023,dry,ตาก,Tak,14117.0,14041.0,7760.0,550.0,553.0,2566-1.pdf,2246.56
2566,2023,dry,นครนายก,Nakhon Nayok,158266.0,157149.0,104315.0,659.0,664.0,2566-1.pdf,25143.84
2566,2023,dry,นครปฐม,Nakhon Pathom,226714.0,226410.0,176235.0,777.0,778.0,2566-1.pdf,36225.6
2566,2023,dry,นครพนม,Nakhon Phanom,66641.0,66376.0,34007.0,510.0,512.0,2566-1.pdf,10620.16
2566,2023,dry,นครราชสีมา,Nakhon Ratchasima,270262.0,269242.0,173528.0,642.0,645.0,2566-1.pdf,43078.72
2566,2023,dry,นครศรีธรรมราช,Nakhon Si Thammarat,4314.0,4294.0,2016.0,467.0,469.0,2566-1.pdf,687.04
2566,2023,dry,นครสวรรค,Nakhon Sawan,613963.0,613913.0,418552.0,682.0,682.0,2566-1.pdf,98226.08
2566,2023,dry,นนทบุรี,Nonthaburi,76467.0,76433.0,55713.0,729.0,729.0,2566-1.pdf,12229.28
2566,2023,dry,นาน,Nan,9821.0,9787.0,5589.0,569.0,571.0,2566-1.pdf,1565.92
2566,2023,dry,บึงกาฬ,Bueng Kan,14559.0,14479.0,7504.0,515.0,518.0,2566-1.pdf,2316.64
2566,2023,dry,บุรีรัมย,Buri Ram,46676.0,46611.0,24214.0,519.0,519.0,2566-1.pdf,7457.76
2566,2023,dry,ปตตานี,Pattani,18706.0,18706.0,10976.0,587.0,587.0,2566-1.pdf,2992.96
2566,2023,dry,ปทุมธานี,Pathum Thani,202482.0,202269.0,146087.0,721.0,722.0,2566-1.pdf,32363.04
2566,2023,dry,ประจวบคีรีขันธ,Prachuap Khiri Khan,13072.0,12825.0,7758.0,593.0,605.0,2566-1.pdf,2052.0
2566,2023,dry,ปราจีนบุรี,Prachin Buri,123572.0,122603.0,76301.0,617.0,622.0,2566-1.pdf,19616.48
2566,2023,dry,พะเยา,Phayao,62105.0,62012.0,38280.0,616.0,617.0,2566-1.pdf,9921.92
2566,2023,dry,พัทลุง,Phatthalung,21700.0,21700.0,12017.0,554.0,554.0,2566-1.pdf,3472.0
2566,2023,dry,พิจิตร,Phichit,535782.0,535782.0,355722.0,664.0,664.0,2566-1.pdf,85725.12
2566,2023,dry,พิษณุโลก,Phitsanulok,713449.0,712615.0,445174.0,624.0,625.0,2566-1.pdf,114018.4
2566,2023,dry,ภาคใต,ภาคใต,88586.0,88466.0,47668.0,538.0,539.0,2566-1.pdf,14154.56
2566,2023,dry,มหาสารคาม,Maha Sarakham,191184.0,190823.0,113291.0,593.0,594.0,2566-1.pdf,30531.68
2566,2023,dry,มุกดาหาร,Mukdahan,802.0,802.0,432.0,539.0,539.0,2566-1.pdf,128.32
2566,2023,dry,ยโสธร,Yasothon,70517.0,70381.0,39568.0,561.0,562.0,2566-1.pdf,11260.96
2566,2023,dry,รอยเอ็ด,Roi Et,250156.0,248810.0,144395.0,577.0,580.0,2566-1.pdf,39809.6
2566,2023,dry,ระยอง,Rayong,3250.0,3237.0,1775.0,546.0,548.0,2566-1.pdf,517.92
2566,2023,dry,ราชบุรี,Ratchaburi,152336.0,152180.0,107535.0,706.0,707.0,2566-1.pdf,24348.8
2566,2023,dry,ลพบุรี,Lopburi,354573.0,354154.0,229483.0,647.0,648.0,2566-1.pdf,56664.64
2566,2023,dry,ลําปาง,Lampang,38883.0,38786.0,20856.0,536.0,538.0,2566-1.pdf,6205.76
2566,2023,dry,ลําพูน,Lamphun,17391.0,17383.0,11621.0,668.0,669.0,2566-1.pdf,2781.28
2566,2023,dry,ศรีสะเกษ,Si Sa Ket,70787.0,70582.0,37102.0,524.0,526.0,2566-1.pdf,11293.12
2566,2023,dry,สกลนคร,Sakon Nakhon,65935.0,65230.0,30792.0,467.0,472.0,2566-1.pdf,10436.8
2566,2023,dry,สงขลา,Songkhla,41680.0,41580.0,21634.0,519.0,520.0,2566-1.pdf,6652.8
2566,2023,dry,สมุทรปราการ,Samut Prakan,13845.0,13749.0,9624.0,695.0,700.0,2566-1.pdf,2199.84
2566,2023,dry,สมุทรสงคราม,Samut Songkhram,1257.0,1251.0,872.0,694.0,697.0,2566-1.pdf,200.16
2566,2023,dry,สมุทรสาคร,Samut Sakhon,2245.0,2239.0,1513.0,674.0,676.0,2566-1.pdf,358.24
2566,2023,dry,สระบุรี,Saraburi,154394.0,154055.0,102679.0,665.0,667.0,2566-1.pdf,24648.8
2566,2023,dry,สระแกว,Sa Kaeo,31445.0,31192.0,19247.0,612.0,617.0,2566-1.pdf,4990.72
2566,2023,dry,สิงหบุรี,Sing Buri,194865.0,194625.0,131276.0,674.0,675.0,2566-1.pdf,31140.0
2566,2023,dry,สุพรรณบุรี,Suphan Buri,862872.0,862361.0,638586.0,740.0,741.0,2566-1.pdf,137977.76
2566,2023,dry,สุราษฎรธานี,Surat Thani,1679.0,1679.0,793.0,472.0,472.0,2566-1.pdf,268.64
2566,2023,dry,สุรินทร,Surin,44608.0,44423.0,19393.0,435.0,437.0,2566-1.pdf,7107.68
2566,2023,dry,สุโขทัย,Sukhothai,485785.0,483066.0,277351.0,571.0,574.0,2566-1.pdf,77290.56
2566,2023,dry,หนองคาย,Nong Khai,86457.0,85980.0,44758.0,518.0,521.0,2566-1.pdf,13756.8
2566,2023,dry,หนองบัวลําภู,Nong Bua Lamphu,15701.0,15483.0,7962.0,507.0,514.0,2566-1.pdf,2477.28
2566,2023,dry,อยุธยา,Phra Nakhon Si Ayutthaya,658109.0,657375.0,488276.0,742.0,743.0,2566-1.pdf,105180.0
2566,2023,dry,อางทอง,Ang Thong,235925.0,235871.0,158685.0,673.0,673.0,2566-1.pdf,37739.36
2566,2023,dry,อุดรธานี,Udon Thani,40603.0,40459.0,21109.0,520.0,522.0,2566-1.pdf,6473.44
2566,2023,dry,อุตรดิตถ,Uttaradit,310294.0,307500.0,201081.0,648.0,654.0,2566-1.pdf,49200.0
2566,2023,dry,อุทัยธานี,Uthai Thani,106776.0,106759.0,68318.0,640.0,640.0,2566-1.pdf,17081.44
2566,2023,dry,อุบลราชธานี,Ubon Ratchathani,155354.0,154981.0,75011.0,483.0,484.0,2566-1.pdf,24796.96
2566,2023,dry,อํานาจเจริญ,Amnat Charoen,2190.0,2190.0,1071.0,489.0,489.0,2566-1.pdf,350.4
2566,2023,dry,เชียงราย,Chiang Rai,400524.0,399597.0,253671.0,633.0,635.0,2566-1.pdf,63935.52
2566,2023,dry,เชียงใหม,Chiang Mai,116578.0,115863.0,77613.0,666.0,670.0,2566-1.pdf,18538.08
2566,2023,dry,เพชรบุรี,Phetchaburi,147844.0,147717.0,105778.0,715.0,716.0,2566-1.pdf,23634.72
2566,2023,dry,เพชรบูรณ,Phetchabun,36883.0,36883.0,21998.0,596.0,596.0,2566-1.pdf,5901.28
2566,2023,dry,เลย,Loei,588.0,588.0,239.0,406.0,406.0,2566-1.pdf,94.08
2566,2023,dry,แพร,Phrae,30511.0,30381.0,17704.0,580.0,583.0,2566-1.pdf,4860.96
2566,2023,main,กระบี่,Krabi,6616.0,6601.0,2031.0,307.0,308.0,2566.pdf,1056.16
2566,2023,main,กรุงเทพมหานคร,Bangkok,80768.0,80581.0,54414.0,674.0,675.0,2566.pdf,12892.96
2566,2023,main,กาญจนบุรี,Kanchanaburi,361149.0,351773.0,211407.0,585.0,601.0,2566.pdf,56283.68
2566,2023,main,กาฬสนิ ธุ,Kalasin,1495263.0,1367037.0,505075.0,338.0,369.0,2566.pdf,218725.92
2566,2023,main,กําแพงเพชร,Kamphaeng Phet,1257799.0,1248654.0,766795.0,610.0,614.0,2566.pdf,199784.64
2566,2023,main,ขอนแกน,Khon Kaen,2361046.0,2270919.0,766084.0,324.0,337.0,2566.pdf,363347.04
2566,2023,main,จันทบุรี,Chanthaburi,11054.0,10878.0,3782.0,342.0,348.0,2566.pdf,1740.48
2566,2023,main,ฉะเชิงเทรา,Chachoengsao,633367.0,625897.0,388648.0,614.0,621.0,2566.pdf,100143.52
2566,2023,main,ชลบุรี,Chon Buri,62244.0,60055.0,28131.0,452.0,468.0,2566.pdf,9608.8
2566,2023,main,ชัยนาท,Chai Nat,831606.0,821249.0,515122.0,619.0,627.0,2566.pdf,131399.84
2566,2023,main,ชัยภูมิ,Chaiyaphum,1745389.0,1650230.0,636909.0,365.0,386.0,2566.pdf,264036.8
2566,2023,main,ชุมพร,Chumphon,2024.0,2019.0,827.0,409.0,410.0,2566.pdf,323.04
2566,2023,main,ตรัง,Trang,9050.0,9050.0,3293.0,364.0,364.0,2566.pdf,1448.0
2566,2023,main,ตราด,Trat,12395.0,12275.0,5296.0,427.0,431.0,2566.pdf,1964.0
2566,2023,main,ตาก,Tak,373293.0,364451.0,148266.0,397.0,407.0,2566.pdf,58312.16
2566,2023,main,นครนายก,Nakhon Nayok,359799.0,357724.0,197455.0,549.0,552.0,2566.pdf,57235.84
2566,2023,main,นครปฐม,Nakhon Pathom,248124.0,246937.0,187795.0,757.0,760.0,2566.pdf,39509.92
2566,2023,main,นครพนม,Nakhon Phanom,1469196.0,1411219.0,493784.0,336.0,350.0,2566.pdf,225795.04
2566,2023,main,นครราชสีมา,Nakhon Ratchasima,3500514.0,3311435.0,1226539.0,350.0,370.0,2566.pdf,529829.6
2566,2023,main,นครศรีธรรมราช,Nakhon Si Thammarat,162578.0,156372.0,75434.0,464.0,482.0,2566.pdf,25019.52
2566,2023,main,นครสวรรค,Nakhon Sawan,2460176.0,2419128.0,1387671.0,564.0,574.0,2566.pdf,387060.48
2566,2023,main,นนทบุรี,Nonthaburi,81709.0,81635.0,56498.0,691.0,692.0,2566.pdf,13061.6
2566,2023,main,นราธิวาส,Narathiwat,29484.0,29322.0,13601.0,461.0,464.0,2566.pdf,4691.52
2566,2023,main,นาน,Nan,342059.0,341134.0,173168.0,506.0,508.0,2566.pdf,54581.44
2566,2023,main,บึงกาฬ,Bueng Kan,475558.0,452390.0,146378.0,308.0,324.0,2566.pdf,72382.4
2566,2023,main,บุรีรัมย,Buri Ram,2956900.0,2871118.0,1060889.0,359.0,370.0,2566.pdf,459378.88
2566,2023,main,ปตตานี,Pattani,65062.0,63299.0,25519.0,392.0,403.0,2566.pdf,10127.84
2566,2023,main,ปทุมธานี,Pathum Thani,293577.0,293083.0,211407.0,720.0,721.0,2566.pdf,46893.28
2566,2023,main,ประจวบคีรีขันธ,Prachuap Khiri Khan,9342.0,8760.0,4808.0,515.0,549.0,2566.pdf,1401.6
2566,2023,main,ปราจีนบุรี,Prachin Buri,430329.0,424602.0,165841.0,385.0,391.0,2566.pdf,67936.32
2566,2023,main,พระนครศรีอยุธยา,Phra Nakhon Si Ayutthaya,821863.0,819874.0,548636.0,668.0,669.0,2566.pdf,131179.84
2566,2023,main,พะเยา,Phayao,624263.0,622693.0,299640.0,480.0,481.0,2566.pdf,99630.88
2566,2023,main,พังงา,Phang Nga,1932.0,1932.0,656.0,340.0,340.0,2566.pdf,309.12
2566,2023,main,พัทลงุ,Phatthalung,110211.0,108986.0,50457.0,458.0,463.0,2566.pdf,17437.76
2566,2023,main,พิจิตร,Phichit,1798874.0,1773544.0,1059532.0,589.0,597.0,2566.pdf,283767.04
2566,2023,main,พิษณุโลก,Phitsanulok,1464948.0,1448354.0,851112.0,581.0,588.0,2566.pdf,231736.64
2566,2023,main,ภาคใต,ภาคใต,596754.0,581939.0,274135.0,459.0,471.0,2566.pdf,93110.24
2566,2023,main,มหาสารคาม,Maha Sarakham,2108431.0,2030492.0,730671.0,347.0,360.0,2566.pdf,324878.72
2566,2023,main,มุกดาหาร,Mukdahan,454754.0,451466.0,184723.0,406.0,409.0,2566.pdf,72234.56
2566,2023,main,ยะลา,Yala,19162.0,19012.0,6657.0,347.0,350.0,2566.pdf,3041.92
2566,2023,main,ยโสธร,Yasothon,1358601.0,1226150.0,464925.0,342.0,379.0,2566.pdf,196184.0
2566,2023,main,รอยเอ็ด,Roi Et,3074106.0,2882260.0,994627.0,324.0,345.0,2566.pdf,461161.6
2566,2023,main,ระนอง,Ranong,446.0,446.0,164.0,368.0,368.0,2566.pdf,71.36
2566,2023,main,ระยอง,Rayong,9030.0,8984.0,4473.0,495.0,498.0,2566.pdf,1437.44
2566,2023,main,ราชบุรี,Ratchaburi,210734.0,209392.0,145678.0,691.0,696.0,2566.pdf,33502.72
2566,2023,main,ลพบุรี,Lopburi,806324.0,799053.0,404170.0,501.0,506.0,2566.pdf,127848.48
2566,2023,main,ลําปาง,Lampang,433888.0,428853.0,221203.0,510.0,516.0,2566.pdf,68616.48
2566,2023,main,ลําพูน,Lamphun,96093.0,95928.0,58458.0,608.0,609.0,2566.pdf,15348.48
2566,2023,main,ศรีสะเกษ,Si Sa Ket,3016473.0,3000894.0,1084041.0,359.0,361.0,2566.pdf,480143.04
2566,2023,main,สกลนคร,Sakon Nakhon,2134741.0,2078552.0,717351.0,336.0,345.0,2566.pdf,332568.32
2566,2023,main,สงขลา,Songkhla,160829.0,155549.0,85217.0,530.0,548.0,2566.pdf,24887.84
2566,2023,main,สตูล,Satun,14502.0,14502.0,5784.0,399.0,399.0,2566.pdf,2320.32
2566,2023,main,สมุทรปราการ,Samut Prakan,17804.0,17733.0,13228.0,743.0,746.0,2566.pdf,2837.28
2566,2023,main,สมุทรสงคราม,Samut Songkhram,1769.0,1769.0,1242.0,702.0,702.0,2566.pdf,283.04
2566,2023,main,สมุทรสาคร,Samut Sakhon,3744.0,3719.0,2628.0,702.0,707.0,2566.pdf,595.04
2566,2023,main,สระบุรี,Saraburi,315435.0,313703.0,202466.0,642.0,645.0,2566.pdf,50192.48
2566,2023,main,สระแกว,Sa Kaeo,753226.0,726861.0,225873.0,300.0,311.0,2566.pdf,116297.76
2566,2023,main,สิงหบุรี,Sing Buri,394479.0,393328.0,279787.0,709.0,711.0,2566.pdf,62932.48
2566,2023,main,สุพรรณบุรี,Suphan Buri,1253182.0,1247577.0,860507.0,687.0,690.0,2566.pdf,199612.32
2566,2023,main,สุรนิ ทร,Surin,3116731.0,3105815.0,1190595.0,382.0,383.0,2566.pdf,496930.4
2566,2023,main,สุราษฎรธานี,Surat Thani,14815.0,14806.0,4476.0,302.0,302.0,2566.pdf,2368.96
2566,2023,main,สุโขทัย,Sukhothai,1173680.0,1120600.0,645202.0,550.0,576.0,2566.pdf,179296.0
2566,2023,main,หนองคาย,Nong Khai,593360.0,586113.0,218357.0,368.0,373.0,2566.pdf,93778.08
2566,2023,main,หนองบัวลําภู,Nong Bua Lamphu,733706.0,706706.0,257674.0,351.0,365.0,2566.pdf,113072.96
2566,2023,main,อางทอง,Ang Thong,346470.0,345119.0,242383.0,700.0,702.0,2566.pdf,55219.04
2566,2023,main,อุดรธานี,Udon Thani,2007912.0,1967814.0,715196.0,356.0,363.0,2566.pdf,314850.24
2566,2023,main,อุตรดิตถ,Uttaradit,622757.0,610250.0,362369.0,582.0,594.0,2566.pdf,97640.0
2566,2023,main,อุทัยธานี,Uthai Thani,538021.0,446512.0,283588.0,527.0,635.0,2566.pdf,71441.92
2566,2023,main,อุบลราชธานี,Ubon Ratchathani,4120157.0,3995570.0,1453013.0,353.0,364.0,2566.pdf,639291.2
2566,2023,main,อํานาจเจริญ,Amnat Charoen,1073188.0,1053859.0,388248.0,362.0,368.0,2566.pdf,168617.44
2566,2023,main,เชียงราย,Chiang Rai,1277745.0,1273051.0,703075.0,550.0,552.0,2566.pdf,203688.16
2566,2023,main,เชียงใหม,Chiang Mai,536410.0,535580.0,309874.0,578.0,579.0,2566.pdf,85692.8
2566,2023,main,เพชรบุรี,Phetchaburi,265335.0,264161.0,185143.0,698.0,701.0,2566.pdf,42265.76
2566,2023,main,เพชรบูรณ,Phetchabun,1180841.0,1125259.0,614579.0,520.0,546.0,2566.pdf,180041.44
2566,2023,main,เลย,Loei,411858.0,408994.0,144348.0,350.0,353.0,2566.pdf,65439.04
2566,2023,main,แพร,Phrae,284773.0,283097.0,163103.0,573.0,576.0,2566.pdf,45295.52
2566,2023,main,แมฮองสอน,Mae Hong Son,213026.0,212515.0,85793.0,403.0,404.0,2566.pdf,34002.4
2567,2024,dry,กรุงเทพมหานคร,Bangkok,75393.0,75254.0,49415.0,655.0,657.0,2567-1.pdf,12040.64
2567,2024,dry,กาญจนบุรี,Kanchanaburi,171501.0,171029.0,120345.0,702.0,704.0,2567-1.pdf,27364.64
2567,2024,dry,กาฬสนิ ธุ,Kalasin,277990.0,276753.0,182507.0,657.0,659.0,2567-1.pdf,44280.48
2567,2024,dry,กําแพงเพชร,Kamphaeng Phet,541404.0,540622.0,341221.0,630.0,631.0,2567-1.pdf,86499.52
2567,2024,dry,ขอนแกน,Khon Kaen,143079.0,142755.0,79786.0,558.0,559.0,2567-1.pdf,22840.8
2567,2024,dry,ฉะเชิงเทรา,Chachoengsao,298807.0,297297.0,199811.0,669.0,672.0,2567-1.pdf,47567.52
2567,2024,dry,ชลบุรี,Chon Buri,32053.0,31936.0,20674.0,645.0,647.0,2567-1.pdf,5109.76
2567,2024,dry,ชัยนาท,Chai Nat,407367.0,406950.0,268317.0,659.0,659.0,2567-1.pdf,65112.0
2567,2024,dry,ชัยภูมิ,Chaiyaphum,81005.0,79483.0,49823.0,615.0,627.0,2567-1.pdf,12717.28
2567,2024,dry,ชุมพร,Chumphon,389.0,389.0,173.0,445.0,445.0,2567-1.pdf,62.24
2567,2024,dry,ตราด,Trat,2520.0,2478.0,1321.0,524.0,533.0,2567-1.pdf,396.48
2567,2024,dry,ตาก,Tak,12232.0,12200.0,6789.0,555.0,556.0,2567-1.pdf,1952.0
2567,2024,dry,นครนายก,Nakhon Nayok,159964.0,159010.0,103727.0,648.0,652.0,2567-1.pdf,25441.6
2567,2024,dry,นครปฐม,Nakhon Pathom,225865.0,225613.0,172557.0,764.0,765.0,2567-1.pdf,36098.08
2567,2024,dry,นครพนม,Nakhon Phanom,64285.0,63948.0,33332.0,519.0,521.0,2567-1.pdf,10231.68
2567,2024,dry,นครราชสีมา,Nakhon Ratchasima,94653.0,93750.0,58343.0,616.0,622.0,2567-1.pdf,15000.0
2567,2024,dry,นครศรีธรรมราช,Nakhon Si Thammarat,2625.0,2413.0,1084.0,413.0,449.0,2567-1.pdf,386.08
2567,2024,dry,นครสวรรค,Nakhon Sawan,603197.0,603197.0,412940.0,685.0,685.0,2567-1.pdf,96511.52
2567,2024,dry,นนทบุรี,Nonthaburi,78762.0,78720.0,56905.0,722.0,723.0,2567-1.pdf,12595.2
2567,2024,dry,นาน,Nan,9412.0,9404.0,5394.0,573.0,574.0,2567-1.pdf,1504.64
2567,2024,dry,บึงกาฬ,Bueng Kan,13786.0,13663.0,7140.0,518.0,523.0,2567-1.pdf,2186.08
2567,2024,dry,บุรีรัมย,Buri Ram,25174.0,24796.0,12314.0,489.0,497.0,2567-1.pdf,3967.36
2567,2024,dry,ปตตานี,Pattani,18019.0,18019.0,10425.0,579.0,579.0,2567-1.pdf,2883.04
2567,2024,dry,ปทุมธานี,Pathum Thani,201279.0,201031.0,144046.0,716.0,717.0,2567-1.pdf,32164.96
2567,2024,dry,ประจวบครี ีขันธ,Prachuap Khiri Khan,2920.0,2643.0,1480.0,507.0,560.0,2567-1.pdf,422.88
2567,2024,dry,ปราจีนบุรี,Prachin Buri,124416.0,123470.0,76136.0,612.0,617.0,2567-1.pdf,19755.2
2567,2024,dry,พะเยา,Phayao,34717.0,34552.0,20648.0,595.0,598.0,2567-1.pdf,5528.32
2567,2024,dry,พัทลุง,Phatthalung,20245.0,20117.0,11078.0,547.0,551.0,2567-1.pdf,3218.72
2567,2024,dry,พิจิตร,Phichit,580758.0,580758.0,389010.0,670.0,670.0,2567-1.pdf,92921.28
2567,2024,dry,พิษณุโลก,Phitsanulok,720406.0,718933.0,454367.0,631.0,632.0,2567-1.pdf,115029.28
2567,2024,dry,ภาคใต,ภาคใต,82695.0,82283.0,44427.0,537.0,540.0,2567-1.pdf,13165.28
2567,2024,dry,มหาสารคาม,Maha Sarakham,187158.0,186824.0,110005.0,588.0,589.0,2567-1.pdf,29891.84
2567,2024,dry,มุกดาหาร,Mukdahan,798.0,798.0,432.0,541.0,541.0,2567-1.pdf,127.68
2567,2024,dry,ยโสธร,Yasothon,70870.0,70701.0,40559.0,572.0,574.0,2567-1.pdf,11312.16
2567,2024,dry,รอยเอ็ด,Roi Et,248383.0,247082.0,142895.0,575.0,578.0,2567-1.pdf,39533.12
2567,2024,dry,ระยอง,Rayong,2642.0,2623.0,1412.0,534.0,538.0,2567-1.pdf,419.68
2567,2024,dry,ราชบุรี,Ratchaburi,145670.0,145465.0,100441.0,690.0,690.0,2567-1.pdf,23274.4
2567,2024,dry,ลพบุรี,Lopburi,280704.0,280246.0,179994.0,641.0,642.0,2567-1.pdf,44839.36
2567,2024,dry,ลําปาง,Lampang,32387.0,32285.0,16737.0,517.0,518.0,2567-1.pdf,5165.6
2567,2024,dry,ลําพูน,Lamphun,8303.0,8292.0,5254.0,633.0,634.0,2567-1.pdf,1326.72
2567,2024,dry,ศรีสะเกษ,Si Sa Ket,71117.0,70938.0,37847.0,532.0,534.0,2567-1.pdf,11350.08
2567,2024,dry,สกลนคร,Sakon Nakhon,70969.0,70547.0,33994.0,479.0,482.0,2567-1.pdf,11287.52
2567,2024,dry,สงขลา,Songkhla,40054.0,40003.0,21083.0,526.0,527.0,2567-1.pdf,6400.48
2567,2024,dry,สมุทรปราการ,Samut Prakan,13397.0,13112.0,9068.0,677.0,692.0,2567-1.pdf,2097.92
2567,2024,dry,สมุทรสงคราม,Samut Songkhram,1536.0,1533.0,1064.0,693.0,694.0,2567-1.pdf,245.28
2567,2024,dry,สมุทรสาคร,Samut Sakhon,2225.0,2222.0,1514.0,680.0,681.0,2567-1.pdf,355.52
2567,2024,dry,สระบุรี,Saraburi,157653.0,157399.0,104058.0,660.0,661.0,2567-1.pdf,25183.84
2567,2024,dry,สระแกว,Sa Kaeo,11730.0,11550.0,6851.0,584.0,593.0,2567-1.pdf,1848.0
2567,2024,dry,สิงหบุรี,Sing Buri,197821.0,197544.0,132294.0,669.0,670.0,2567-1.pdf,31607.04
2567,2024,dry,สุพรรณบุรี,Suphan Buri,770396.0,769851.0,569786.0,740.0,740.0,2567-1.pdf,123176.16
2567,2024,dry,สุราษฎรธานี,Surat Thani,1253.0,1233.0,543.0,433.0,440.0,2567-1.pdf,197.28
2567,2024,dry,สุรินทร,Surin,44079.0,43695.0,19539.0,443.0,447.0,2567-1.pdf,6991.2
2567,2024,dry,สุโขทัย,Sukhothai,485836.0,483598.0,281700.0,580.0,583.0,2567-1.pdf,77375.68
2567,2024,dry,หนองคาย,Nong Khai,93570.0,92231.0,48509.0,518.0,526.0,2567-1.pdf,14756.96
2567,2024,dry,หนองบัวลําภู,Nong Bua Lamphu,11898.0,11690.0,6087.0,512.0,521.0,2567-1.pdf,1870.4
2567,2024,dry,อยุธยา,Phra Nakhon Si Ayutthaya,667394.0,666775.0,497381.0,745.0,746.0,2567-1.pdf,106684.0
2567,2024,dry,อางทอง,Ang Thong,241686.0,241534.0,161209.0,667.0,667.0,2567-1.pdf,38645.44
2567,2024,dry,อุดรธานี,Udon Thani,39917.0,39854.0,21102.0,529.0,529.0,2567-1.pdf,6376.64
2567,2024,dry,อุตรดิตถ,Uttaradit,290186.0,289421.0,190596.0,657.0,659.0,2567-1.pdf,46307.36
2567,2024,dry,อุทัยธานี,Uthai Thani,83469.0,83420.0,53831.0,645.0,645.0,2567-1.pdf,13347.2
2567,2024,dry,อุบลราชธานี,Ubon Ratchathani,148678.0,147735.0,72350.0,487.0,490.0,2567-1.pdf,23637.6
2567,2024,dry,อํานาจเจริญ,Amnat Charoen,2161.0,2161.0,1068.0,494.0,494.0,2567-1.pdf,345.76
2567,2024,dry,เชียงราย,Chiang Rai,365838.0,357326.0,224049.0,612.0,627.0,2567-1.pdf,57172.16
2567,2024,dry,เชียงใหม,Chiang Mai,103398.0,103100.0,68597.0,663.0,665.0,2567-1.pdf,16496.0
2567,2024,dry,เพชรบุรี,Phetchaburi,81808.0,81675.0,57275.0,700.0,701.0,2567-1.pdf,13068.0
2567,2024,dry,เพชรบูรณ,Phetchabun,33179.0,33166.0,19582.0,590.0,590.0,2567-1.pdf,5306.56
2567,2024,dry,เลย,Loei,565.0,564.0,230.0,407.0,408.0,2567-1.pdf,90.24
2567,2024,dry,แพร,Phrae,24405.0,24323.0,14447.0,592.0,594.0,2567-1.pdf,3891.68
2567,2024,main,กระบี่,Krabi,6269.0,6243.0,1953.0,312.0,313.0,2567.pdf,998.88
2567,2024,main,กรุงเทพมหานคร,Bangkok,81022.0,80838.0,54948.0,678.0,680.0,2567.pdf,12934.08
2567,2024,main,กาญจนบุรี,Kanchanaburi,358586.0,352097.0,213356.0,595.0,606.0,2567.pdf,56335.52
2567,2024,main,กาฬสินธุ,Kalasin,1488651.0,1455154.0,544786.0,366.0,374.0,2567.pdf,232824.64
2567,2024,main,กําแพงเพชร,Kamphaeng Phet,1267257.0,1264469.0,773559.0,610.0,612.0,2567.pdf,202315.04
2567,2024,main,ขอนแกน,Khon Kaen,2310469.0,2261978.0,775703.0,336.0,343.0,2567.pdf,361916.48
2567,2024,main,จันทบุรี,Chanthaburi,9881.0,9722.0,3311.0,335.0,341.0,2567.pdf,1555.52
2567,2024,main,ฉะเชิงเทรา,Chachoengsao,644107.0,640019.0,426107.0,662.0,666.0,2567.pdf,102403.04
2567,2024,main,ชลบุรี,Chon Buri,58769.0,56497.0,27220.0,463.0,482.0,2567.pdf,9039.52
2567,2024,main,ชัยนาท,Chai Nat,847056.0,842870.0,526982.0,622.0,625.0,2567.pdf,134859.2
2567,2024,main,ชัยภูมิ,Chaiyaphum,1671814.0,1645709.0,641781.0,384.0,390.0,2567.pdf,263313.44
2567,2024,main,ชุมพร,Chumphon,1781.0,1770.0,732.0,411.0,414.0,2567.pdf,283.2
2567,2024,main,ตรัง,Trang,9344.0,9344.0,3532.0,378.0,378.0,2567.pdf,1495.04
2567,2024,main,ตราด,Trat,11316.0,11084.0,4897.0,433.0,442.0,2567.pdf,1773.44
2567,2024,main,ตาก,Tak,363308.0,345571.0,134956.0,371.0,391.0,2567.pdf,55291.36
2567,2024,main,นครนายก,Nakhon Nayok,361209.0,358105.0,198409.0,549.0,554.0,2567.pdf,57296.8
2567,2024,main,นครปฐม,Nakhon Pathom,247588.0,246225.0,187255.0,756.0,761.0,2567.pdf,39396.0
2567,2024,main,นครพนม,Nakhon Phanom,1454074.0,1337832.0,472700.0,325.0,353.0,2567.pdf,214053.12
2567,2024,main,นครราชสีมา,Nakhon Ratchasima,3417340.0,3393809.0,1268399.0,371.0,374.0,2567.pdf,543009.44
2567,2024,main,นครศรีธรรมราช,Nakhon Si Thammarat,146315.0,141554.0,69193.0,473.0,489.0,2567.pdf,22648.64
2567,2024,main,นครสวรรค,Nakhon Sawan,2458578.0,2448566.0,1427613.0,581.0,583.0,2567.pdf,391770.56
2567,2024,main,นนทบุรี,Nonthaburi,82881.0,82801.0,56926.0,687.0,688.0,2567.pdf,13248.16
2567,2024,main,นราธิวาส,Narathiwat,21336.0,21260.0,10390.0,487.0,489.0,2567.pdf,3401.6
2567,2024,main,นาน,Nan,333501.0,329007.0,164965.0,495.0,501.0,2567.pdf,52641.12
2567,2024,main,บึงกาฬ,Bueng Kan,467724.0,421307.0,137189.0,293.0,326.0,2567.pdf,67409.12
2567,2024,main,บุรีรัมย,Buri Ram,2926838.0,2789531.0,1034459.0,353.0,371.0,2567.pdf,446324.96
2567,2024,main,ปตตานี,Pattani,62196.0,59573.0,25165.0,405.0,422.0,2567.pdf,9531.68
2567,2024,main,ปทุมธานี,Pathum Thani,296444.0,295961.0,215887.0,728.0,729.0,2567.pdf,47353.76
2567,2024,main,ประจวบคีรีขันธ,Prachuap Khiri Khan,17941.0,17690.0,10139.0,565.0,573.0,2567.pdf,2830.4
2567,2024,main,ปราจีนบุรี,Prachin Buri,426895.0,418121.0,172558.0,404.0,413.0,2567.pdf,66899.36
2567,2024,main,พระนครศรีอยุธยา,Phra Nakhon Si Ayutthaya,813378.0,811037.0,551785.0,678.0,680.0,2567.pdf,129765.92
2567,2024,main,พะเยา,Phayao,622244.0,559308.0,270028.0,434.0,483.0,2567.pdf,89489.28
2567,2024,main,พังงา,Phang Nga,1674.0,1674.0,579.0,346.0,346.0,2567.pdf,267.84
2567,2024,main,พัทลุง,Phatthalung,106907.0,105271.0,48635.0,455.0,462.0,2567.pdf,16843.36
2567,2024,main,พิจิตร,Phichit,1812374.0,1791856.0,1084548.0,598.0,605.0,2567.pdf,286696.96
2567,2024,main,พิษณุโลก,Phitsanulok,1440700.0,1422667.0,824256.0,572.0,579.0,2567.pdf,227626.72
2567,2024,main,ภาคใต,ภาคใต,557843.0,541232.0,257741.0,462.0,476.0,2567.pdf,86597.12
2567,2024,main,มหาสารคาม,Maha Sarakham,2105256.0,2042223.0,748212.0,355.0,366.0,2567.pdf,326755.68
2567,2024,main,มุกดาหาร,Mukdahan,451014.0,448431.0,183675.0,407.0,410.0,2567.pdf,71748.96
2567,2024,main,ยะลา,Yala,17822.0,17439.0,5780.0,324.0,331.0,2567.pdf,2790.24
2567,2024,main,ยโสธร,Yasothon,1353916.0,1313748.0,501165.0,370.0,381.0,2567.pdf,210199.68
2567,2024,main,รอยเอ็ด,Roi Et,3055502.0,2844527.0,996149.0,326.0,350.0,2567.pdf,455124.32
2567,2024,main,ระนอง,Ranong,518.0,518.0,193.0,373.0,373.0,2567.pdf,82.88
2567,2024,main,ระยอง,Rayong,8456.0,8408.0,4365.0,516.0,519.0,2567.pdf,1345.28
2567,2024,main,ราชบุรี,Ratchaburi,210482.0,209222.0,146664.0,697.0,701.0,2567.pdf,33475.52
2567,2024,main,ลพบุรี,Lopburi,815546.0,808953.0,405960.0,498.0,502.0,2567.pdf,129432.48
2567,2024,main,ลําปาง,Lampang,436118.0,425641.0,218227.0,500.0,513.0,2567.pdf,68102.56
2567,2024,main,ลําพูน,Lamphun,95487.0,94396.0,55956.0,586.0,593.0,2567.pdf,15103.36
2567,2024,main,ศรีสะเกษ,Si Sa Ket,3014484.0,3003262.0,1109392.0,368.0,369.0,2567.pdf,480521.92
2567,2024,main,สกลนคร,Sakon Nakhon,2099825.0,2004914.0,702713.0,335.0,350.0,2567.pdf,320786.24
2567,2024,main,สงขลา,Songkhla,154321.0,147378.0,81440.0,528.0,553.0,2567.pdf,23580.48
2567,2024,main,สตูล,Satun,14677.0,14677.0,5901.0,402.0,402.0,2567.pdf,2348.32
2567,2024,main,สมุทรปราการ,Samut Prakan,17382.0,17319.0,13694.0,788.0,791.0,2567.pdf,2771.04
2567,2024,main,สมุทรสงคราม,Samut Songkhram,1648.0,1640.0,1156.0,701.0,705.0,2567.pdf,262.4
2567,2024,main,สมุทรสาคร,Samut Sakhon,3880.0,3860.0,2747.0,708.0,712.0,2567.pdf,617.6
2567,2024,main,สระบุรี,Saraburi,314961.0,313191.0,206908.0,657.0,661.0,2567.pdf,50110.56
2567,2024,main,สระแกว,Sa Kaeo,748100.0,717520.0,221502.0,296.0,309.0,2567.pdf,114803.2
2567,2024,main,สิงหบุรี,Sing Buri,358080.0,357511.0,252576.0,705.0,706.0,2567.pdf,57201.76
2567,2024,main,สุพรรณบุรี,Suphan Buri,1263475.0,1253205.0,886454.0,702.0,707.0,2567.pdf,200512.8
2567,2024,main,สุราษฎรธานี,Surat Thani,14657.0,14505.0,4239.0,289.0,292.0,2567.pdf,2320.8
2567,2024,main,สุรินทร,Surin,3097970.0,3083407.0,1189602.0,384.0,386.0,2567.pdf,493345.12
2567,2024,main,สุโขทัย,Sukhothai,1188025.0,1146963.0,644321.0,542.0,562.0,2567.pdf,183514.08
2567,2024,main,หนองคาย,Nong Khai,574742.0,475869.0,175613.0,306.0,369.0,2567.pdf,76139.04
2567,2024,main,หนองบัวลําภู,Nong Bua Lamphu,683895.0,668907.0,249340.0,365.0,373.0,2567.pdf,107025.12
2567,2024,main,อางทอง,Ang Thong,345658.0,344767.0,238844.0,691.0,693.0,2567.pdf,55162.72
2567,2024,main,อุดรธานี,Udon Thani,1945310.0,1868143.0,682875.0,351.0,366.0,2567.pdf,298902.88
2567,2024,main,อุตรดิตถ,Uttaradit,626166.0,618165.0,363903.0,581.0,589.0,2567.pdf,98906.4
2567,2024,main,อุทัยธานี,Uthai Thani,559223.0,556702.0,356585.0,638.0,641.0,2567.pdf,89072.32
2567,2024,main,อุบลราชธานี,Ubon Ratchathani,4117628.0,4053487.0,1480045.0,359.0,365.0,2567.pdf,648557.92
2567,2024,main,อํานาจเจริญ,Amnat Charoen,1072901.0,1065671.0,394088.0,367.0,370.0,2567.pdf,170507.36
2567,2024,main,เชียงราย,Chiang Rai,1261465.0,1109790.0,600231.0,476.0,541.0,2567.pdf,177566.4
2567,2024,main,เชียงใหม,Chiang Mai,532422.0,524339.0,290239.0,545.0,554.0,2567.pdf,83894.24
2567,2024,main,เพชรบุรี,Phetchaburi,268716.0,267145.0,189075.0,704.0,708.0,2567.pdf,42743.2
2567,2024,main,เพชรบูรณ,Phetchabun,1176916.0,1165739.0,653839.0,556.0,561.0,2567.pdf,186518.24
2567,2024,main,เลย,Loei,383146.0,381299.0,136537.0,356.0,358.0,2567.pdf,61007.84
2567,2024,main,แพร,Phrae,285101.0,280284.0,164772.0,578.0,588.0,2567.pdf,44845.44
2567,2024,main,แมฮอ งสอน,Mae Hong Son,214839.0,203437.0,78771.0,367.0,387.0,2567.pdf,32549.92
2568,2025,dry,กรุงเทพมหานคร,Bangkok,76529.0,76399.0,49959.0,653.0,654.0,2568-1.pdf,12223.84
2568,2025,dry,กาญจนบุรี,Kanchanaburi,181185.0,180918.0,128833.0,711.0,712.0,2568-1.pdf,28946.88
2568,2025,dry,กาฬสินธุ,Kalasin,317325.0,316135.0,206022.0,649.0,652.0,2568-1.pdf,50581.6
2568,2025,dry,กําแพงเพชร,Kamphaeng Phet,599457.0,597085.0,379944.0,634.0,636.0,2568-1.pdf,95533.6
2568,2025,dry,ขอนแกน,Khon Kaen,172764.0,172392.0,95854.0,555.0,556.0,2568-1.pdf,27582.72
2568,2025,dry,ฉะเชิงเทรา,Chachoengsao,256366.0,255083.0,175564.0,685.0,688.0,2568-1.pdf,40813.28
2568,2025,dry,ชลบุรี,Chon Buri,32609.0,32484.0,21212.0,650.0,653.0,2568-1.pdf,5197.44
2568,2025,dry,ชัยนาท,Chai Nat,465969.0,465324.0,308373.0,662.0,663.0,2568-1.pdf,74451.84
2568,2025,dry,ชัยภูมิ,Chaiyaphum,144471.0,143876.0,90579.0,627.0,630.0,2568-1.pdf,23020.16
2568,2025,dry,ชุมพร,Chumphon,552.0,552.0,251.0,455.0,455.0,2568-1.pdf,88.32
2568,2025,dry,ตราด,Trat,2466.0,2425.0,1300.0,527.0,536.0,2568-1.pdf,388.0
2568,2025,dry,ตาก,Tak,30231.0,29705.0,16536.0,547.0,557.0,2568-1.pdf,4752.8
2568,2025,dry,นครนายก,Nakhon Nayok,163790.0,162950.0,109874.0,671.0,674.0,2568-1.pdf,26072.0
2568,2025,dry,นครปฐม,Nakhon Pathom,237153.0,236874.0,183772.0,775.0,776.0,2568-1.pdf,37899.84
2568,2025,dry,นครพนม,Nakhon Phanom,107851.0,107483.0,56248.0,522.0,523.0,2568-1.pdf,17197.28
2568,2025,dry,นครราชสีมา,Nakhon Ratchasima,140144.0,139061.0,84946.0,606.0,611.0,2568-1.pdf,22249.76
2568,2025,dry,นครศรธี รรมราช,Nakhon Si Thammarat,6251.0,6251.0,2921.0,467.0,467.0,2568-1.pdf,1000.16
2568,2025,dry,นครสวรรค,Nakhon Sawan,913188.0,911229.0,619783.0,679.0,680.0,2568-1.pdf,145796.64
2568,2025,dry,นนทบุรี,Nonthaburi,75374.0,75339.0,54938.0,729.0,729.0,2568-1.pdf,12054.24
2568,2025,dry,นราธิวาส,Narathiwat,135.0,135.0,51.0,378.0,378.0,2568-1.pdf,21.6
2568,2025,dry,นาน,Nan,14405.0,14375.0,8357.0,580.0,581.0,2568-1.pdf,2300.0
2568,2025,dry,บึงกาฬ,Bueng Kan,20305.0,20170.0,10176.0,501.0,505.0,2568-1.pdf,3227.2
2568,2025,dry,บุรรี ัมย,Buri Ram,52606.0,52118.0,25772.0,490.0,494.0,2568-1.pdf,8338.88
2568,2025,dry,ปตตานี,Pattani,16680.0,16680.0,9018.0,541.0,541.0,2568-1.pdf,2668.8
2568,2025,dry,ปทุมธานี,Pathum Thani,220764.0,220496.0,158815.0,719.0,720.0,2568-1.pdf,35279.36
2568,2025,dry,ประจวบคีรขี ันธ,Prachuap Khiri Khan,4534.0,4442.0,2624.0,579.0,591.0,2568-1.pdf,710.72
2568,2025,dry,ปราจีนบุรี,Prachin Buri,134285.0,133686.0,86451.0,644.0,647.0,2568-1.pdf,21389.76
2568,2025,dry,พะเยา,Phayao,95550.0,95378.0,61982.0,649.0,650.0,2568-1.pdf,15260.48
2568,2025,dry,พัทลุง,Phatthalung,29915.0,29915.0,16090.0,538.0,538.0,2568-1.pdf,4786.4
2568,2025,dry,พิจิตร,Phichit,827349.0,824730.0,549720.0,664.0,667.0,2568-1.pdf,131956.8
2568,2025,dry,พิษณุโลก,Phitsanulok,832221.0,830851.0,523923.0,630.0,631.0,2568-1.pdf,132936.16
2568,2025,dry,ภาคใต,ภาคใต,93903.0,93903.0,49186.0,524.0,524.0,2568-1.pdf,15024.48
2568,2025,dry,มหาสารคาม,Maha Sarakham,215843.0,215483.0,128020.0,593.0,594.0,2568-1.pdf,34477.28
2568,2025,dry,มุกดาหาร,Mukdahan,1800.0,1800.0,944.0,524.0,524.0,2568-1.pdf,288.0
2568,2025,dry,ยโสธร,Yasothon,114574.0,114344.0,71867.0,627.0,629.0,2568-1.pdf,18295.04
2568,2025,dry,รอยเอ็ด,Roi Et,328541.0,327499.0,188400.0,573.0,575.0,2568-1.pdf,52399.84
2568,2025,dry,ระยอง,Rayong,2610.0,2592.0,1388.0,532.0,535.0,2568-1.pdf,414.72
2568,2025,dry,ราชบุรี,Ratchaburi,148829.0,148628.0,105246.0,707.0,708.0,2568-1.pdf,23780.48
2568,2025,dry,ลพบุรี,Lopburi,352763.0,352218.0,228810.0,649.0,650.0,2568-1.pdf,56354.88
2568,2025,dry,ลําปาง,Lampang,58745.0,58624.0,33427.0,569.0,570.0,2568-1.pdf,9379.84
2568,2025,dry,ลําพูน,Lamphun,26553.0,26539.0,17950.0,676.0,676.0,2568-1.pdf,4246.24
2568,2025,dry,ศรสี ะเกษ,Si Sa Ket,116523.0,116193.0,61491.0,528.0,529.0,2568-1.pdf,18590.88
2568,2025,dry,สกลนคร,Sakon Nakhon,142040.0,141462.0,69131.0,487.0,489.0,2568-1.pdf,22633.92
2568,2025,dry,สงขลา,Songkhla,38768.0,38768.0,20119.0,519.0,519.0,2568-1.pdf,6202.88
2568,2025,dry,สมุทรปราการ,Samut Prakan,14753.0,14661.0,10481.0,710.0,715.0,2568-1.pdf,2345.76
2568,2025,dry,สมุทรสงคราม,Samut Songkhram,1638.0,1633.0,1145.0,699.0,701.0,2568-1.pdf,261.28
2568,2025,dry,สมุทรสาคร,Samut Sakhon,2940.0,2935.0,2010.0,684.0,685.0,2568-1.pdf,469.6
2568,2025,dry,สระบุรี,Saraburi,181411.0,181058.0,120084.0,662.0,663.0,2568-1.pdf,28969.28
2568,2025,dry,สระแกว,Sa Kaeo,11706.0,11575.0,6734.0,575.0,582.0,2568-1.pdf,1852.0
2568,2025,dry,สิงหบุรี,Sing Buri,229987.0,229676.0,156305.0,680.0,681.0,2568-1.pdf,36748.16
2568,2025,dry,สุพรรณบุรี,Suphan Buri,907376.0,906323.0,678758.0,748.0,749.0,2568-1.pdf,145011.68
2568,2025,dry,สุราษฎรธานี,Surat Thani,1315.0,1315.0,599.0,456.0,456.0,2568-1.pdf,210.4
2568,2025,dry,สุรินทร,Surin,125306.0,124811.0,56798.0,453.0,455.0,2568-1.pdf,19969.76
2568,2025,dry,สุโขทัย,Sukhothai,572402.0,570445.0,326008.0,570.0,571.0,2568-1.pdf,91271.2
2568,2025,dry,หนองคาย,Nong Khai,116092.0,115461.0,61557.0,530.0,533.0,2568-1.pdf,18473.76
2568,2025,dry,หนองบัวลําภู,Nong Bua Lamphu,37604.0,37317.0,19934.0,530.0,534.0,2568-1.pdf,5970.72
2568,2025,dry,อยุธยา,Phra Nakhon Si Ayutthaya,714922.0,714070.0,539503.0,755.0,756.0,2568-1.pdf,114251.2
2568,2025,dry,อางทอง,Ang Thong,255939.0,255597.0,173311.0,677.0,678.0,2568-1.pdf,40895.52
2568,2025,dry,อุดรธานี,Udon Thani,77493.0,77366.0,40728.0,526.0,526.0,2568-1.pdf,12378.56
2568,2025,dry,อุตรดิตถ,Uttaradit,364226.0,363532.0,243209.0,668.0,669.0,2568-1.pdf,58165.12
2568,2025,dry,อุทัยธานี,Uthai Thani,169232.0,168571.0,109910.0,649.0,652.0,2568-1.pdf,26971.36
2568,2025,dry,อุบลราชธานี,Ubon Ratchathani,174428.0,173800.0,85813.0,492.0,494.0,2568-1.pdf,27808.0
2568,2025,dry,อํานาจเจริญ,Amnat Charoen,4252.0,4252.0,2060.0,484.0,484.0,2568-1.pdf,680.32
2568,2025,dry,เชียงราย,Chiang Rai,509983.0,508845.0,344597.0,676.0,677.0,2568-1.pdf,81415.2
2568,2025,dry,เชียงใหม,Chiang Mai,161324.0,160991.0,114576.0,710.0,712.0,2568-1.pdf,25758.56
2568,2025,dry,เพชรบุรี,Phetchaburi,174527.0,174335.0,124524.0,713.0,714.0,2568-1.pdf,27893.6
2568,2025,dry,เพชรบูรณ,Phetchabun,56937.0,56757.0,35026.0,615.0,617.0,2568-1.pdf,9081.12
2568,2025,dry,เลย,Loei,1307.0,1287.0,517.0,396.0,402.0,2568-1.pdf,205.92
2568,2025,dry,แพร,Phrae,53275.0,52874.0,31692.0,595.0,599.0,2568-1.pdf,8459.84
